bodenart,clay,silt,sand,clay_min,clay_max,silt_min,silt_max
Ss,2.5,5,92.5,0,5,0,10
Su2,2.5,17.5,80,0,5,10,25
Su3,4,32.5,63.5,0,8,25,40
Su4,4,45,51,0,8,40,50
Sl2,6.5,17.5,76,5,8,10,25
Sl3,10,25,65,8,12,10,40
Sl4,14.5,25,60.5,12,17,10,40
Slu,12.5,45,42.5,8,17,40,50
St2,11,5,84,5,17,0,10
St3,21,7.5,71.5,17,25,0,15
Us,4,65,31,0,8,50,80
Uu,4,88,8,0,8,80,100
Uls,12.5,57.5,30,8,17,50,65
Ut2,10,77.5,12.5,8,12,65,92
Ut3,14.4,75.3,10.3,12,17,65,88
Ut4,21,72,7,17,25,65,83
Lu,23.5,57.5,19,17,30,50,65
Ls2,21,45,34,17,25,40,50
Ls3,21,35,44,17,25,30,40
Ls4,21,22.5,56.5,17,25,15,30
Lt2,30,40,30,25,35,30,50
Lt3,40,40,20,35,45,30,50
Lts,35,22.5,42.5,25,45,15,30
Tu2,55,37.5,7.5,45,65,30,55
Tu3,36.3,56.3,7.4,30,45,50,65
Tu4,28.4,68.3,3.3,25,35,65,75
Tl,55,22.5,22.5,45,65,15,30
Ts2,55,7.5,37.5,45,65,0,15
Ts3,40,7.5,52.5,35,45,0,15
Ts4,30,7.5,62.5,25,35,0,15
Tt,76.6,11.7,11.7,65,100,0,35
